N.O.,descriptors nees for the current model,Obtained program
1,A,Peptide
2,R,Peptide
3,N,Peptide
4,D,Peptide
5,C,Peptide
6,E,Peptide
7,Q,Peptide
8,G,Peptide
9,I,Peptide
10,L,Peptide
11,K,Peptide
12,F,Peptide
13,P,Peptide
14,S,Peptide
15,T,Peptide
16,W,Peptide
17,Y,Peptide
18,V,Peptide
19,aliphatic_index,Propy
20,auto_correlation,Propy
21,auto_covariance,Propy
22,count_A,Propy
23,count_D,Propy
24,count_E,Propy
25,count_F,Propy
26,count_G,Propy
27,count_I,Propy
28,count_K,Propy
29,count_L,Propy
30,count_N,Propy
31,count_P,Propy
32,count_Q,Propy
33,count_R,Propy
34,count_S,Propy
35,count_T,Propy
36,count_V,Propy
37,count_W,Propy
38,count_Y,Propy
39,wfy_charge,Propy
40,hydrophobic_moment_100,Propy
41,hydrophobic_moment_160,Propy
42,hydrophobic_moment_profile_1,Propy
43,hydrophobicity_Kuhn,Propy
44,hydrophobicity_Sweet,Propy
45,hydrophobicity_Janin,Propy
46,hydrophobicity_Manavalan,Propy
47,hydrophobicity_Cowan34,Propy
48,hydrophobicity_Welling,Propy
49,hydrophobicity_Aboderin,Propy
50,hydrophobicity_Jones,Propy
51,hydrophobicity_oiScale_ph2,Propy
52,hydrophobicity_oiScale_ph8,Propy
53,hydrophobicity_Miyazawa,Propy
54,hydrophobicity_Zimmerman,Propy
55,hydrophobicity_interfaceScale_ph8,Propy
56,hydrophobicity_Rao,Propy
57,hydrophobicity_Wilson,Propy
58,hydrophobicity_Ponnuswamy,Propy
59,hydrophobicity_HoppWoods,Propy
60,hydro_profile_w10_BullBreese_1,Propy
61,hydro_profile_w10_Janin_1,Propy
62,hydro_profile_w10_Welling_1,Propy
63,hydro_profile_w10_oiscaleph2_1,Propy
64,hydro_profile_w10_oiscaleph8_1,Propy
65,hydro_profile_w10_KyteDoolittle_1,Propy
66,hydro_profile_w10_Tanford_1,Propy
67,hydro_profile_w10_Guy_1,Propy
68,hydro_profile_w10_interfacescaleph8_1,Propy
69,hydro_profile_w10_Wilson_1,Propy
70,hydro_profile_w10_Rose_1,Propy
71,hydro_profile_w10_Wolfenden_1,Propy
72,hydro_profile_w10_Parker_1,Propy
73,hydro_profile_w10_Ponnuswamy_1,Propy
74,hydro_profile_w10_Hoppwoods_1,Propy
75,instability_index,Propy
76,isoelectric_point_Lehninger,Propy
77,aa_shift_13c,Propy
78,molecular_weight,Propy
79,structural_class_ChouZhang,Propy
80,structural_class_Chou,Propy
81,structural_class_Chou_distance_cityblock,Propy
82,Descriptors_BLOSUM2,Propy
83,Descriptors_BLOSUM3,Propy
84,Descriptors_BLOSUM4,Propy
85,Descriptors_BLOSUM5,Propy
86,Descriptors_BLOSUM6,Propy
87,Descriptors_BLOSUM7,Propy
88,Descriptors_BLOSUM8,Propy
89,Descriptors_BLOSUM9,Propy
90,Descriptors_BLOSUM10,Propy
91,Descriptors_PP1,Propy
92,Descriptors_PP3,Propy
93,Descriptors_F1,Propy
94,Descriptors_F3,Propy
95,Descriptors_F4,Propy
96,Descriptors_F6,Propy
97,Descriptors_KF1,Propy
98,Descriptors_KF3,Propy
99,Descriptors_KF5,Propy
100,Descriptors_KF6,Propy
101,Descriptors_KF7,Propy
102,Descriptors_KF8,Propy
103,Descriptors_KF9,Propy
104,Descriptors_KF10,Propy
105,Descriptors_MSWHIM2,Propy
106,Descriptors_MSWHIM3,Propy
107,Descriptors_E2,Propy
108,Descriptors_E3,Propy
109,Descriptors_E4,Propy
110,Descriptors_E5,Propy
111,Descriptors_ProFP1,Propy
112,Descriptors_ProFP3,Propy
113,Descriptors_ProFP4,Propy
114,Descriptors_ProFP5,Propy
115,Descriptors_ProFP6,Propy
116,Descriptors_ProFP7,Propy
117,Descriptors_ProFP8,Propy
118,Descriptors_SV1,Propy
119,Descriptors_SV2,Propy
120,Descriptors_SV3,Propy
121,Descriptors_SV4,Propy
122,Descriptors_ST2,Propy
123,Descriptors_ST3,Propy
124,Descriptors_ST4,Propy
125,Descriptors_ST5,Propy
126,Descriptors_ST6,Propy
127,Descriptors_ST7,Propy
128,Descriptors_ST8,Propy
129,Descriptors_SVEGR2,Propy
130,Descriptors_SVEGR3,Propy
131,Descriptors_SVEGR4,Propy
132,Descriptors_SVEGR5,Propy
133,Descriptors_SVEGR6,Propy
134,Descriptors_SVEGR7,Propy
135,Descriptors_SVEGR8,Propy
136,Descriptors_SVEGR9,Propy
137,Descriptors_SVEGR11,Propy
138,Descriptors_T2,Propy
139,Descriptors_T3,Propy
140,Descriptors_T5,Propy
141,Descriptors_VHSE4,Propy
142,Descriptors_VHSE5,Propy
143,Descriptors_VHSE6,Propy
144,Descriptors_VHSE7,Propy
145,Descriptors_VHSE8,Propy
146,Descriptors_Z3,Propy
147,Descriptors_Z4,Propy
148,Descriptors_Z5,Propy
149,hydro_profile_w10_Casari_1,Propy
150,hydro_profile_w10_Barley_1,Propy
